{
  "jobs": [
    {
      "id": 0,
      "name": "Build a fence",
      "contactId": 0,
      "start": "2018-09-01T10:00:00Z",
      "end": "2018-09-01T11:00:00Z",
      "location": "Brisbane"
    },
    {
      "id": 1,
      "name": "Build a shed",
      "contactId": 1,
      "start": "2018-09-01T10:15:00Z",
      "end": "2018-09-01T11:00:00Z",
      "location": "Brisbane"
    },
    {
      "id": 2,
      "name": "Shield some wiring",
      "contactId": 0,
      "start": "2018-09-01T09:00:00Z",
      "end": "2018-09-01T13:00:00Z",
      "location": "Brisbane"
    },
    {
      "id": 3,
      "name": "Pick up a trailer",
      "contactId": 0,
      "start": "2018-09-01T13:00:00Z",
      "end": "2018-09-01T13:15:00Z",
      "location": "Brisbane"
    }
  ],
  "contacts": [
    {
      "id": 0,
      "name": "John Smith"
    },
    {
      "id": 1,
      "name": "Jane Smith"
    },
    {
      "id": 2,
      "name": "Another Person"
    }
  ],
  "activities": [
    {
      "id": 0,
      "name": "Attend Training",
      "start": "2018-09-01T15:00:00Z",
      "end": "2018-09-01T17:30:00Z"
    },
    {
      "id": 1,
      "name": "Meal Break",
      "start": "2018-09-01T12:15:00Z",
      "end": "2018-09-01T13:10:00Z"
    }
  ],
  "resources": [
    {
      "id": 0,
      "name": "Sam Seaborn"
    },
    {
      "id": 1,
      "name": "Donna Moss"
    },
    {
      "id": 2,
      "name": "Toby Ziegler"
    }
  ],
  "jobAllocations": [
    {
      "id": 0,
      "resourceId": 1,
      "jobId": 1
    },
    {
      "id": 1,
      "resourceId": 0,
      "jobId": 2
    }
  ],
  "activityAllocations": [
    {
      "id": 0,
      "resourceId": 1,
      "activityId": 1
    },
    {
      "id": 1,
      "resourceId": 2,
      "activityId": 1
    }
  ]
}